Workbook

Sheet HITOS NIVELACIÓN
A1: FECHA | B1: HITO | C1: COTA
A2: 45951 | B2: H1.01 | C2: 78.5427
A3: 45951 | B3: H1.02 | C3: 72.8198
A4: 45951 | B4: H1.03 | C4: 72.2609
A5: 45951 | B5: H1.04 | C5: 70.9157
A6: 45951 | B6: H1.05 | C6: 70.273
A7: 45951 | B7: H1.06 | C7: 66.5966
A8: 45957 | B8: H1.01 | C8: 78.5427
A9: 45957 | B9: H1.02 | C9: 72.8199
A10: 45957 | B10: H1.03 | C10: 72.2609
A11: 45957 | B11: H1.04 | C11: 70.915
A12: 45957 | B12: H1.05 | C12: 70.273
A13: 45957 | B13: H1.06 | C13: 66.5963
... A1305: 46190 | B1305: H7.05 | C1305: 49.7651

Sheet HITOS TOTAL_260409
A1: HITOS | B1: X | C1: Y | D1: LATITUD | E1: LONGITUD | F1: Z INICIAL | G1: Z FINAL | H1: d Z | I1: FECHA
A2: H1.01 | B2: 513299.44 | C2: 4786476.4 | D2: 43.230964 | E2: -2.8362186 | F2: {=_xlfn.LET( _xlpm.clave, A2, _xlpm.r_fechas, 'HITOS NIVELACIÓN'!$A$3:$A$200024, _xlpm.r_cods, 'HITOS NIVELACIÓN'!$B$3:$B$200024, _xlpm.r_cotas, 'HITOS NIVELACIÓN'!$C$3:$C$200024, _xlpm.fecha_min, _xlfn.MINIFS(_xlpm.r_fechas, _xlpm.r_cods, _xlpm.clave), IF(_xlpm.fecha_min=0, 0, _xlfn.XLOOKUP(_xlpm.clave & _xlpm.fecha_min, _xlpm.r_cods & _xlpm.r_fechas, _xlpm.r_cotas, 0, 0)) )} -> 78.5427 | G2: {=_xlfn.LET( _xlpm.clave, A2, _xlpm.r_fechas, 'HITOS NIVELACIÓN'!$A$3:$A$200024, _xlpm.r_cods, 'HITOS NIVELACIÓN'!$B$3:$B$200024, _xlpm.r_cotas, 'HITOS NIVELACIÓN'!$C$3:$C$200024, _xlpm.fecha_max, _xlfn.MAXIFS(_xlpm.r_fechas, _xlpm.r_cods, _xlpm.clave), IF(_xlpm.fecha_max=0, "0", _xlfn.XLOOKUP(_xlpm.clave & _xlpm.fecha_max, _xlpm.r_cods & _xlpm.r_fechas, _xlpm.r_cotas, "0", 0)) )} -> 78.5427 | H2: =+(Tabla2[[#This Row],[Z FINAL]]-Tabla2[[#This Row],[Z INICIAL]])*1000 -> 0 | I2: {=_xlfn.LET( _xlpm.clave, UPPER(TRIM(SUBSTITUTE(A2, CHAR(160), " "))), _xlpm.cods, UPPER(TRIM(SUBSTITUTE('HITOS NIVELACIÓN'!$B$3:$B$200024, CHAR(160), " "))), _xlpm.fechas_raw, 'HITOS NIVELACIÓN'!$A$3:$A$200024, _xlpm.m, _xlpm.cods=_xlpm.clave, _xlpm.filt, _xlfn._xlws.FILTER(_xlpm.fechas_raw, _xlpm.m, ""), _xlpm.fmax, IFERROR(INDEX(_xlfn._xlws.SORT(_xlpm.filt, 1, -1), 1), ""), IF(_xlpm.fmax="", "", TEXT(_xlpm.fmax, "dd/mm/aaaa")) )} -> 23/04/2026
A3: H1.02 | B3: 513274.2 | C3: 4786419.9 | D3: 43.230455 | E3: -2.8365308 | F3: {=_xlfn.LET( _xlpm.clave, A3, _xlpm.r_fechas, 'HITOS NIVELACIÓN'!$A$3:$A$200024, _xlpm.r_cods, 'HITOS NIVELACIÓN'!$B$3:$B$200024, _xlpm.r_cotas, 'HITOS NIVELACIÓN'!$C$3:$C$200024, _xlpm.fecha_min, _xlfn.MINIFS(_xlpm.r_fechas, _xlpm.r_cods, _xlpm.clave), IF(_xlpm.fecha_min=0, 0, _xlfn.XLOOKUP(_xlpm.clave & _xlpm.fecha_min, _xlpm.r_cods & _xlpm.r_fechas, _xlpm.r_cotas, 0, 0)) )} -> 72.8198 | G3: {=_xlfn.LET( _xlpm.clave, A3, _xlpm.r_fechas, 'HITOS NIVELACIÓN'!$A$3:$A$200024, _xlpm.r_cods, 'HITOS NIVELACIÓN'!$B$3:$B$200024, _xlpm.r_cotas, 'HITOS NIVELACIÓN'!$C$3:$C$200024, _xlpm.fecha_max, _xlfn.MAXIFS(_xlpm.r_fechas, _xlpm.r_cods, _xlpm.clave), IF(_xlpm.fecha_max=0, "0", _xlfn.XLOOKUP(_xlpm.clave & _xlpm.fecha_max, _xlpm.r_cods & _xlpm.r_fechas, _xlpm.r_cotas, "0", 0)) )} -> 72.8055 | H3: =+(Tabla2[[#This Row],[Z FINAL]]-Tabla2[[#This Row],[Z INICIAL]])*1000 -> -14.3 | I3: {=_xlfn.LET( _xlpm.clave, UPPER(TRIM(SUBSTITUTE(A3, CHAR(160), " "))), _xlpm.cods, UPPER(TRIM(SUBSTITUTE('HITOS NIVELACIÓN'!$B$3:$B$200024, CHAR(160), " "))), _xlpm.fechas_raw, 'HITOS NIVELACIÓN'!$A$3:$A$200024, _xlpm.m, _xlpm.cods=_xlpm.clave, _xlpm.filt, _xlfn._xlws.FILTER(_xlpm.fechas_raw, _xlpm.m, ""), _xlpm.fmax, IFERROR(INDEX(_xlfn._xlws.SORT(_xlpm.filt, 1, -1), 1), ""), IF(_xlpm.fmax="", "", TEXT(_xlpm.fmax, "dd/mm/aaaa")) )} -> 23/04/2026
A4: H1.03 | B4: 513270.38 | C4: 4786416.8 | D4: 43.230427 | E4: -2.8365779 | F4: {=_xlfn.LET( _xlpm.clave, A4, _xlpm.r_fechas, 'HITOS NIVELACIÓN'!$A$3:$A$200024, _xlpm.r_cods, 'HITOS NIVELACIÓN'!$B$3:$B$200024, _xlpm.r_cotas, 'HITOS NIVELACIÓN'!$C$3:$C$200024, _xlpm.fecha_min, _xlfn.MINIFS(_xlpm.r_fechas, _xlpm.r_cods, _xlpm.clave), IF(_xlpm.fecha_min=0, 0, _xlfn.XLOOKUP(_xlpm.clave & _xlpm.fecha_min, _xlpm.r_cods & _xlpm.r_fechas, _xlpm.r_cotas, 0, 0)) )} -> 72.2609 | G4: {=_xlfn.LET( _xlpm.clave, A4, _xlpm.r_fechas, 'HITOS NIVELACIÓN'!$A$3:$A$200024, _xlpm.r_cods, 'HITOS NIVELACIÓN'!$B$3:$B$200024, _xlpm.r_cotas, 'HITOS NIVELACIÓN'!$C$3:$C$200024, _xlpm.fecha_max, _xlfn.MAXIFS(_xlpm.r_fechas, _xlpm.r_cods, _xlpm.clave), IF(_xlpm.fecha_max=0, "0", _xlfn.XLOOKUP(_xlpm.clave & _xlpm.fecha_max, _xlpm.r_cods & _xlpm.r_fechas, _xlpm.r_cotas, "0", 0)) )} -> 72.2664 | H4: =+(Tabla2[[#This Row],[Z FINAL]]-Tabla2[[#This Row],[Z INICIAL]])*1000 -> 5.5 | I4: {=_xlfn.LET( _xlpm.clave, UPPER(TRIM(SUBSTITUTE(A4, CHAR(160), " "))), _xlpm.cods, UPPER(TRIM(SUBSTITUTE('HITOS NIVELACIÓN'!$B$3:$B$200024, CHAR(160), " "))), _xlpm.fechas_raw, 'HITOS NIVELACIÓN'!$A$3:$A$200024, _xlpm.m, _xlpm.cods=_xlpm.clave, _xlpm.filt, _xlfn._xlws.FILTER(_xlpm.fechas_raw, _xlpm.m, ""), _xlpm.fmax, IFERROR(INDEX(_xlfn._xlws.SORT(_xlpm.filt, 1, -1), 1), ""), IF(_xlpm.fmax="", "", TEXT(_xlpm.fmax, "dd/mm/aaaa")) )} -> 23/04/2026
A5: H1.04 | B5: 513258.32 | C5: 4786394.6 | D5: 43.230228 | E5: -2.836727 | F5: {=_xlfn.LET( _xlpm.clave, A5, _xlpm.r_fechas, 'HITOS NIVELACIÓN'!$A$3:$A$200024, _xlpm.r_cods, 'HITOS NIVELACIÓN'!$B$3:$B$200024, _xlpm.r_cotas, 'HITOS NIVELACIÓN'!$C$3:$C$200024, _xlpm.fecha_min, _xlfn.MINIFS(_xlpm.r_fechas, _xlpm.r_cods, _xlpm.clave), IF(_xlpm.fecha_min=0, 0, _xlfn.XLOOKUP(_xlpm.clave & _xlpm.fecha_min, _xlpm.r_cods & _xlpm.r_fechas, _xlpm.r_cotas, 0, 0)) )} -> 70.9157 | G5: {=_xlfn.LET( _xlpm.clave, A5, _xlpm.r_fechas, 'HITOS NIVELACIÓN'!$A$3:$A$200024, _xlpm.r_cods, 'HITOS NIVELACIÓN'!$B$3:$B$200024, _xlpm.r_cotas, 'HITOS NIVELACIÓN'!$C$3:$C$200024, _xlpm.fecha_max, _xlfn.MAXIFS(_xlpm.r_fechas, _xlpm.r_cods, _xlpm.clave), IF(_xlpm.fecha_max=0, "0", _xlfn.XLOOKUP(_xlpm.clave & _xlpm.fecha_max, _xlpm.r_cods & _xlpm.r_fechas, _xlpm.r_cotas, "0", 0)) )} -> 70.9131 | H5: =+(Tabla2[[#This Row],[Z FINAL]]-Tabla2[[#This Row],[Z INICIAL]])*1000 -> -2.6 | I5: {=_xlfn.LET( _xlpm.clave, UPPER(TRIM(SUBSTITUTE(A5, CHAR(160), " "))), _xlpm.cods, UPPER(TRIM(SUBSTITUTE('HITOS NIVELACIÓN'!$B$3:$B$200024, CHAR(160), " "))), _xlpm.fechas_raw, 'HITOS NIVELACIÓN'!$A$3:$A$200024, _xlpm.m, _xlpm.cods=_xlpm.clave, _xlpm.filt, _xlfn._xlws.FILTER(_xlpm.fechas_raw, _xlpm.m, ""), _xlpm.fmax, IFERROR(INDEX(_xlfn._xlws.SORT(_xlpm.filt, 1, -1), 1), ""), IF(_xlpm.fmax="", "", TEXT(_xlpm.fmax, "dd/mm/aaaa")) )} -> 23/04/2026
A6: H1.05 | B6: 513222.86 | C6: 4786321.3 | D6: 43.229568 | E6: -2.8371655 | F6: {=_xlfn.LET( _xlpm.clave, A6, _xlpm.r_fechas, 'HITOS NIVELACIÓN'!$A$3:$A$200024, _xlpm.r_cods, 'HITOS NIVELACIÓN'!$B$3:$B$200024, _xlpm.r_cotas, 'HITOS NIVELACIÓN'!$C$3:$C$200024, _xlpm.fecha_min, _xlfn.MINIFS(_xlpm.r_fechas, _xlpm.r_cods, _xlpm.clave), IF(_xlpm.fecha_min=0, 0, _xlfn.XLOOKUP(_xlpm.clave & _xlpm.fecha_min, _xlpm.r_cods & _xlpm.r_fechas, _xlpm.r_cotas, 0, 0)) )} -> 70.273 | G6: {=_xlfn.LET( _xlpm.clave, A6, _xlpm.r_fechas, 'HITOS NIVELACIÓN'!$A$3:$A$200024, _xlpm.r_cods, 'HITOS NIVELACIÓN'!$B$3:$B$200024, _xlpm.r_cotas, 'HITOS NIVELACIÓN'!$C$3:$C$200024, _xlpm.fecha_max, _xlfn.MAXIFS(_xlpm.r_fechas, _xlpm.r_cods, _xlpm.clave), IF(_xlpm.fecha_max=0, "0", _xlfn.XLOOKUP(_xlpm.clave & _xlpm.fecha_max, _xlpm.r_cods & _xlpm.r_fechas, _xlpm.r_cotas, "0", 0)) )} -> 70.2729 | H6: =+(Tabla2[[#This Row],[Z FINAL]]-Tabla2[[#This Row],[Z INICIAL]])*1000 -> -0.1 | I6: {=_xlfn.LET( _xlpm.clave, UPPER(TRIM(SUBSTITUTE(A6, CHAR(160), " "))), _xlpm.cods, UPPER(TRIM(SUBSTITUTE('HITOS NIVELACIÓN'!$B$3:$B$200024, CHAR(160), " "))), _xlpm.fechas_raw, 'HITOS NIVELACIÓN'!$A$3:$A$200024, _xlpm.m, _xlpm.cods=_xlpm.clave, _xlpm.filt, _xlfn._xlws.FILTER(_xlpm.fechas_raw, _xlpm.m, ""), _xlpm.fmax, IFERROR(INDEX(_xlfn._xlws.SORT(_xlpm.filt, 1, -1), 1), ""), IF(_xlpm.fmax="", "", TEXT(_xlpm.fmax, "dd/mm/aaaa")) )} -> 23/04/2026
A7: H1.06 | B7: 513173.74 | C7: 4786256.7 | D7: 43.228987 | E7: -2.8377718 | F7: {=_xlfn.LET( _xlpm.clave, A7, _xlpm.r_fechas, 'HITOS NIVELACIÓN'!$A$3:$A$200024, _xlpm.r_cods, 'HITOS NIVELACIÓN'!$B$3:$B$200024, _xlpm.r_cotas, 'HITOS NIVELACIÓN'!$C$3:$C$200024, _xlpm.fecha_min, _xlfn.MINIFS(_xlpm.r_fechas, _xlpm.r_cods, _xlpm.clave), IF(_xlpm.fecha_min=0, 0, _xlfn.XLOOKUP(_xlpm.clave & _xlpm.fecha_min, _xlpm.r_cods & _xlpm.r_fechas, _xlpm.r_cotas, 0, 0)) )} -> 66.5966 | G7: {=_xlfn.LET( _xlpm.clave, A7, _xlpm.r_fechas, 'HITOS NIVELACIÓN'!$A$3:$A$200024, _xlpm.r_cods, 'HITOS NIVELACIÓN'!$B$3:$B$200024, _xlpm.r_cotas, 'HITOS NIVELACIÓN'!$C$3:$C$200024, _xlpm.fecha_max, _xlfn.MAXIFS(_xlpm.r_fechas, _xlpm.r_cods, _xlpm.clave), IF(_xlpm.fecha_max=0, "0", _xlfn.XLOOKUP(_xlpm.clave & _xlpm.fecha_max, _xlpm.r_cods & _xlpm.r_fechas, _xlpm.r_cotas, "0", 0)) )} -> 66.5933 | H7: =+(Tabla2[[#This Row],[Z FINAL]]-Tabla2[[#This Row],[Z INICIAL]])*1000 -> -3.3 | I7: {=_xlfn.LET( _xlpm.clave, UPPER(TRIM(SUBSTITUTE(A7, CHAR(160), " "))), _xlpm.cods, UPPER(TRIM(SUBSTITUTE('HITOS NIVELACIÓN'!$B$3:$B$200024, CHAR(160), " "))), _xlpm.fechas_raw, 'HITOS NIVELACIÓN'!$A$3:$A$200024, _xlpm.m, _xlpm.cods=_xlpm.clave, _xlpm.filt, _xlfn._xlws.FILTER(_xlpm.fechas_raw, _xlpm.m, ""), _xlpm.fmax, IFERROR(INDEX(_xlfn._xlws.SORT(_xlpm.filt, 1, -1), 1), ""), IF(_xlpm.fmax="", "", TEXT(_xlpm.fmax, "dd/mm/aaaa")) )} -> 23/04/2026
A8: H10.01 | B8: 512756.36 | C8: 4786554.8 | D8: 43.231679 | E8: -2.8429048 | F8: {=_xlfn.LET( _xlpm.clave, A8, _xlpm.r_fechas, 'HITOS NIVELACIÓN'!$A$3:$A$200024, _xlpm.r_cods, 'HITOS NIVELACIÓN'!$B$3:$B$200024, _xlpm.r_cotas, 'HITOS NIVELACIÓN'!$C$3:$C$200024, _xlpm.fecha_min, _xlfn.MINIFS(_xlpm.r_fechas, _xlpm.r_cods, _xlpm.clave), IF(_xlpm.fecha_min=0, 0, _xlfn.XLOOKUP(_xlpm.clave & _xlpm.fecha_min, _xlpm.r_cods & _xlpm.r_fechas, _xlpm.r_cotas, 0, 0)) )} -> 0 | G8: {=_xlfn.LET( _xlpm.clave, A8, _xlpm.r_fechas, 'HITOS NIVELACIÓN'!$A$3:$A$200024, _xlpm.r_cods, 'HITOS NIVELACIÓN'!$B$3:$B$200024, _xlpm.r_cotas, 'HITOS NIVELACIÓN'!$C$3:$C$200024, _xlpm.fecha_max, _xlfn.MAXIFS(_xlpm.r_fechas, _xlpm.r_cods, _xlpm.clave), IF(_xlpm.fecha_max=0, "0", _xlfn.XLOOKUP(_xlpm.clave & _xlpm.fecha_max, _xlpm.r_cods & _xlpm.r_fechas, _xlpm.r_cotas, "0", 0)) )} -> 0 | H8: =+(Tabla2[[#This Row],[Z FINAL]]-Tabla2[[#This Row],[Z INICIAL]])*1000 -> 0 | I8: {=_xlfn.LET( _xlpm.clave, UPPER(TRIM(SUBSTITUTE(A8, CHAR(160), " "))), _xlpm.cods, UPPER(TRIM(SUBSTITUTE('HITOS NIVELACIÓN'!$B$3:$B$200024, CHAR(160), " "))), _xlpm.fechas_raw, 'HITOS NIVELACIÓN'!$A$3:$A$200024, _xlpm.m, _xlpm.cods=_xlpm.clave, _xlpm.filt, _xlfn._xlws.FILTER(_xlpm.fechas_raw, _xlpm.m, ""), _xlpm.fmax, IFERROR(INDEX(_xlfn._xlws.SORT(_xlpm.filt, 1, -1), 1), ""), IF(_xlpm.fmax="", "", TEXT(_xlpm.fmax, "dd/mm/aaaa")) )}
A9: H10.03 | B9: 512764.66 | C9: 4786511.3 | D9: 43.231287 | E9: -2.8428036 | F9: {=_xlfn.LET( _xlpm.clave, A9, _xlpm.r_fechas, 'HITOS NIVELACIÓN'!$A$3:$A$200024, _xlpm.r_cods, 'HITOS NIVELACIÓN'!$B$3:$B$200024, _xlpm.r_cotas, 'HITOS NIVELACIÓN'!$C$3:$C$200024, _xlpm.fecha_min, _xlfn.MINIFS(_xlpm.r_fechas, _xlpm.r_cods, _xlpm.clave), IF(_xlpm.fecha_min=0, 0, _xlfn.XLOOKUP(_xlpm.clave & _xlpm.fecha_min, _xlpm.r_cods & _xlpm.r_fechas, _xlpm.r_cotas, 0, 0)) )} -> 0 | G9: {=_xlfn.LET( _xlpm.clave, A9, _xlpm.r_fechas, 'HITOS NIVELACIÓN'!$A$3:$A$200024, _xlpm.r_cods, 'HITOS NIVELACIÓN'!$B$3:$B$200024, _xlpm.r_cotas, 'HITOS NIVELACIÓN'!$C$3:$C$200024, _xlpm.fecha_max, _xlfn.MAXIFS(_xlpm.r_fechas, _xlpm.r_cods, _xlpm.clave), IF(_xlpm.fecha_max=0, "0", _xlfn.XLOOKUP(_xlpm.clave & _xlpm.fecha_max, _xlpm.r_cods & _xlpm.r_fechas, _xlpm.r_cotas, "0", 0)) )} -> 0 | H9: =+(Tabla2[[#This Row],[Z FINAL]]-Tabla2[[#This Row],[Z INICIAL]])*1000 -> 0 | I9: {=_xlfn.LET( _xlpm.clave, UPPER(TRIM(SUBSTITUTE(A9, CHAR(160), " "))), _xlpm.cods, UPPER(TRIM(SUBSTITUTE('HITOS NIVELACIÓN'!$B$3:$B$200024, CHAR(160), " "))), _xlpm.fechas_raw, 'HITOS NIVELACIÓN'!$A$3:$A$200024, _xlpm.m, _xlpm.cods=_xlpm.clave, _xlpm.filt, _xlfn._xlws.FILTER(_xlpm.fechas_raw, _xlpm.m, ""), _xlpm.fmax, IFERROR(INDEX(_xlfn._xlws.SORT(_xlpm.filt, 1, -1), 1), ""), IF(_xlpm.fmax="", "", TEXT(_xlpm.fmax, "dd/mm/aaaa")) )}
A10: H10.04 | B10: 512768.51 | C10: 4786491.6 | D10: 43.231109 | E10: -2.8427566 | F10: {=_xlfn.LET( _xlpm.clave, A10, _xlpm.r_fechas, 'HITOS NIVELACIÓN'!$A$3:$A$200024, _xlpm.r_cods, 'HITOS NIVELACIÓN'!$B$3:$B$200024, _xlpm.r_cotas, 'HITOS NIVELACIÓN'!$C$3:$C$200024, _xlpm.fecha_min, _xlfn.MINIFS(_xlpm.r_fechas, _xlpm.r_cods, _xlpm.clave), IF(_xlpm.fecha_min=0, 0, _xlfn.XLOOKUP(_xlpm.clave & _xlpm.fecha_min, _xlpm.r_cods & _xlpm.r_fechas, _xlpm.r_cotas, 0, 0)) )} -> 0 | G10: {=_xlfn.LET( _xlpm.clave, A10, _xlpm.r_fechas, 'HITOS NIVELACIÓN'!$A$3:$A$200024, _xlpm.r_cods, 'HITOS NIVELACIÓN'!$B$3:$B$200024, _xlpm.r_cotas, 'HITOS NIVELACIÓN'!$C$3:$C$200024, _xlpm.fecha_max, _xlfn.MAXIFS(_xlpm.r_fechas, _xlpm.r_cods, _xlpm.clave), IF(_xlpm.fecha_max=0, "0", _xlfn.XLOOKUP(_xlpm.clave & _xlpm.fecha_max, _xlpm.r_cods & _xlpm.r_fechas, _xlpm.r_cotas, "0", 0)) )} -> 0 | H10: =+(Tabla2[[#This Row],[Z FINAL]]-Tabla2[[#This Row],[Z INICIAL]])*1000 -> 0 | I10: {=_xlfn.LET( _xlpm.clave, UPPER(TRIM(SUBSTITUTE(A10, CHAR(160), " "))), _xlpm.cods, UPPER(TRIM(SUBSTITUTE('HITOS NIVELACIÓN'!$B$3:$B$200024, CHAR(160), " "))), _xlpm.fechas_raw, 'HITOS NIVELACIÓN'!$A$3:$A$200024, _xlpm.m, _xlpm.cods=_xlpm.clave, _xlpm.filt, _xlfn._xlws.FILTER(_xlpm.fechas_raw, _xlpm.m, ""), _xlpm.fmax, IFERROR(INDEX(_xlfn._xlws.SORT(_xlpm.filt, 1, -1), 1), ""), IF(_xlpm.fmax="", "", TEXT(_xlpm.fmax, "dd/mm/aaaa")) )}
A11: H10.02 | B11: 512760.48 | C11: 4786527.7 | D11: 43.231434 | E11: -2.8428547 | F11: {=_xlfn.LET( _xlpm.clave, A11, _xlpm.r_fechas, 'HITOS NIVELACIÓN'!$A$3:$A$200024, _xlpm.r_cods, 'HITOS NIVELACIÓN'!$B$3:$B$200024, _xlpm.r_cotas, 'HITOS NIVELACIÓN'!$C$3:$C$200024, _xlpm.fecha_min, _xlfn.MINIFS(_xlpm.r_fechas, _xlpm.r_cods, _xlpm.clave), IF(_xlpm.fecha_min=0, 0, _xlfn.XLOOKUP(_xlpm.clave & _xlpm.fecha_min, _xlpm.r_cods & _xlpm.r_fechas, _xlpm.r_cotas, 0, 0)) )} -> 0 | G11: {=_xlfn.LET( _xlpm.clave, A11, _xlpm.r_fechas, 'HITOS NIVELACIÓN'!$A$3:$A$200024, _xlpm.r_cods, 'HITOS NIVELACIÓN'!$B$3:$B$200024, _xlpm.r_cotas, 'HITOS NIVELACIÓN'!$C$3:$C$200024, _xlpm.fecha_max, _xlfn.MAXIFS(_xlpm.r_fechas, _xlpm.r_cods, _xlpm.clave), IF(_xlpm.fecha_max=0, "0", _xlfn.XLOOKUP(_xlpm.clave & _xlpm.fecha_max, _xlpm.r_cods & _xlpm.r_fechas, _xlpm.r_cotas, "0", 0)) )} -> 0 | H11: =+(Tabla2[[#This Row],[Z FINAL]]-Tabla2[[#This Row],[Z INICIAL]])*1000 -> 0 | I11: {=_xlfn.LET( _xlpm.clave, UPPER(TRIM(SUBSTITUTE(A11, CHAR(160), " "))), _xlpm.cods, UPPER(TRIM(SUBSTITUTE('HITOS NIVELACIÓN'!$B$3:$B$200024, CHAR(160), " "))), _xlpm.fechas_raw, 'HITOS NIVELACIÓN'!$A$3:$A$200024, _xlpm.m, _xlpm.cods=_xlpm.clave, _xlpm.filt, _xlfn._xlws.FILTER(_xlpm.fechas_raw, _xlpm.m, ""), _xlpm.fmax, IFERROR(INDEX(_xlfn._xlws.SORT(_xlpm.filt, 1, -1), 1), ""), IF(_xlpm.fmax="", "", TEXT(_xlpm.fmax, "dd/mm/aaaa")) )}
A12: H10.05 | B12: 512774.28 | C12: 4786462.6 | D12: 43.230848 | E12: -2.8426862 | F12: {=_xlfn.LET( _xlpm.clave, A12, _xlpm.r_fechas, 'HITOS NIVELACIÓN'!$A$3:$A$200024, _xlpm.r_cods, 'HITOS NIVELACIÓN'!$B$3:$B$200024, _xlpm.r_cotas, 'HITOS NIVELACIÓN'!$C$3:$C$200024, _xlpm.fecha_min, _xlfn.MINIFS(_xlpm.r_fechas, _xlpm.r_cods, _xlpm.clave), IF(_xlpm.fecha_min=0, 0, _xlfn.XLOOKUP(_xlpm.clave & _xlpm.fecha_min, _xlpm.r_cods & _xlpm.r_fechas, _xlpm.r_cotas, 0, 0)) )} -> 0 | G12: {=_xlfn.LET( _xlpm.clave, A12, _xlpm.r_fechas, 'HITOS NIVELACIÓN'!$A$3:$A$200024, _xlpm.r_cods, 'HITOS NIVELACIÓN'!$B$3:$B$200024, _xlpm.r_cotas, 'HITOS NIVELACIÓN'!$C$3:$C$200024, _xlpm.fecha_max, _xlfn.MAXIFS(_xlpm.r_fechas, _xlpm.r_cods, _xlpm.clave), IF(_xlpm.fecha_max=0, "0", _xlfn.XLOOKUP(_xlpm.clave & _xlpm.fecha_max, _xlpm.r_cods & _xlpm.r_fechas, _xlpm.r_cotas, "0", 0)) )} -> 0 | H12: =+(Tabla2[[#This Row],[Z FINAL]]-Tabla2[[#This Row],[Z INICIAL]])*1000 -> 0 | I12: {=_xlfn.LET( _xlpm.clave, UPPER(TRIM(SUBSTITUTE(A12, CHAR(160), " "))), _xlpm.cods, UPPER(TRIM(SUBSTITUTE('HITOS NIVELACIÓN'!$B$3:$B$200024, CHAR(160), " "))), _xlpm.fechas_raw, 'HITOS NIVELACIÓN'!$A$3:$A$200024, _xlpm.m, _xlpm.cods=_xlpm.clave, _xlpm.filt, _xlfn._xlws.FILTER(_xlpm.fechas_raw, _xlpm.m, ""), _xlpm.fmax, IFERROR(INDEX(_xlfn._xlws.SORT(_xlpm.filt, 1, -1), 1), ""), IF(_xlpm.fmax="", "", TEXT(_xlpm.fmax, "dd/mm/aaaa")) )}
A13: H11.01 | B13: 512704.83 | C13: 4786543.9 | D13: 43.231581 | E13: -2.8435397 | F13: {=_xlfn.LET( _xlpm.clave, A13, _xlpm.r_fechas, 'HITOS NIVELACIÓN'!$A$3:$A$200024, _xlpm.r_cods, 'HITOS NIVELACIÓN'!$B$3:$B$200024, _xlpm.r_cotas, 'HITOS NIVELACIÓN'!$C$3:$C$200024, _xlpm.fecha_min, _xlfn.MINIFS(_xlpm.r_fechas, _xlpm.r_cods, _xlpm.clave), IF(_xlpm.fecha_min=0, 0, _xlfn.XLOOKUP(_xlpm.clave & _xlpm.fecha_min, _xlpm.r_cods & _xlpm.r_fechas, _xlpm.r_cotas, 0, 0)) )} -> 0 | G13: {=_xlfn.LET( _xlpm.clave, A13, _xlpm.r_fechas, 'HITOS NIVELACIÓN'!$A$3:$A$200024, _xlpm.r_cods, 'HITOS NIVELACIÓN'!$B$3:$B$200024, _xlpm.r_cotas, 'HITOS NIVELACIÓN'!$C$3:$C$200024, _xlpm.fecha_max, _xlfn.MAXIFS(_xlpm.r_fechas, _xlpm.r_cods, _xlpm.clave), IF(_xlpm.fecha_max=0, "0", _xlfn.XLOOKUP(_xlpm.clave & _xlpm.fecha_max, _xlpm.r_cods & _xlpm.r_fechas, _xlpm.r_cotas, "0", 0)) )} -> 0 | H13: =+(Tabla2[[#This Row],[Z FINAL]]-Tabla2[[#This Row],[Z INICIAL]])*1000 -> 0 | I13: {=_xlfn.LET( _xlpm.clave, UPPER(TRIM(SUBSTITUTE(A13, CHAR(160), " "))), _xlpm.cods, UPPER(TRIM(SUBSTITUTE('HITOS NIVELACIÓN'!$B$3:$B$200024, CHAR(160), " "))), _xlpm.fechas_raw, 'HITOS NIVELACIÓN'!$A$3:$A$200024, _xlpm.m, _xlpm.cods=_xlpm.clave, _xlpm.filt, _xlfn._xlws.FILTER(_xlpm.fechas_raw, _xlpm.m, ""), _xlpm.fmax, IFERROR(INDEX(_xlfn._xlws.SORT(_xlpm.filt, 1, -1), 1), ""), IF(_xlpm.fmax="", "", TEXT(_xlpm.fmax, "dd/mm/aaaa")) )}
... A236: HC.99 | B236: 510557.56 | C236: 4787293.9 | D236: -2.8699689 | E236: 43.238368 | F236: {=_xlfn.LET( _xlpm.clave, A236, _xlpm.r_fechas, 'HITOS NIVELACIÓN'!$A$3:$A$200024, _xlpm.r_cods, 'HITOS NIVELACIÓN'!$B$3:$B$200024, _xlpm.r_cotas, 'HITOS NIVELACIÓN'!$C$3:$C$200024, _xlpm.fecha_min, _xlfn.MINIFS(_xlpm.r_fechas, _xlpm.r_cods, _xlpm.clave), IF(_xlpm.fecha_min=0, 0, _xlfn.XLOOKUP(_xlpm.clave & _xlpm.fecha_min, _xlpm.r_cods & _xlpm.r_fechas, _xlpm.r_cotas, 0, 0)) )} -> 0 | G236: {=_xlfn.LET( _xlpm.clave, A236, _xlpm.r_fechas, 'HITOS NIVELACIÓN'!$A$3:$A$200024, _xlpm.r_cods, 'HITOS NIVELACIÓN'!$B$3:$B$200024, _xlpm.r_cotas, 'HITOS NIVELACIÓN'!$C$3:$C$200024, _xlpm.fecha_max, _xlfn.MAXIFS(_xlpm.r_fechas, _xlpm.r_cods, _xlpm.clave), IF(_xlpm.fecha_max=0, "0", _xlfn.XLOOKUP(_xlpm.clave & _xlpm.fecha_max, _xlpm.r_cods & _xlpm.r_fechas, _xlpm.r_cotas, "0", 0)) )} -> 0 | H236: =+(Tabla2[[#This Row],[Z FINAL]]-Tabla2[[#This Row],[Z INICIAL]])*1000 -> 0 | I236: {=_xlfn.LET( _xlpm.clave, UPPER(TRIM(SUBSTITUTE(A236, CHAR(160), " "))), _xlpm.cods, UPPER(TRIM(SUBSTITUTE('HITOS NIVELACIÓN'!$B$3:$B$200024, CHAR(160), " "))), _xlpm.fechas_raw, 'HITOS NIVELACIÓN'!$A$3:$A$200024, _xlpm.m, _xlpm.cods=_xlpm.clave, _xlpm.filt, _xlfn._xlws.FILTER(_xlpm.fechas_raw, _xlpm.m, ""), _xlpm.fmax, IFERROR(INDEX(_xlfn._xlws.SORT(_xlpm.filt, 1, -1), 1), ""), IF(_xlpm.fmax="", "", TEXT(_xlpm.fmax, "dd/mm/aaaa")) )}
